{
  "name": "coverflow",
  "title": "CoverflowJS",
  "description": "A jQuery UI powered coverflow component that takes advantage of CSS3 features",
  "keywords": [
    "coverflow",
    "cover",
    "album",
    "flow",
    "slider",
    "slide"
  ],
  "version": "3.0.0",
  "author": {
    "name": "Sebastian Sauer",
    "url": "http://jscouch.de"
  },
  "maintainers": [
    {
      "name": "Addy Osmani",
      "email": "addyosmani@gmail.com",
      "url": "http://addyosmani.com"
    },
    {
      "name": "Sebastian Sauer",
      "email": "info@dynpages.de",
      "url": "http://jscouch.com"
    },
    {
      "name": "Brandon Belvin",
      "email": "brandon.belvin@gmail.com",
      "url": "http://brandonbelvin.com"
    }
  ],
  "licenses": [
    {
      "type": "MIT",
      "url": "http://opensource.org/licenses/MIT"
    }
  ],
  "bugs": "https://github.com/coverflowjs/coverflow/issues",
  "homepage": "http://coverflowjs.github.io/coverflow/",
  "docs": "http://coverflowjs.github.io/coverflow/tutorial/get-started/",
  "download": "https://github.com/coverflowjs/coverflow/archive/3.0.0.zip",
  "dependencies": {
    "jquery": ">=1.8.0",
    "jqueryui": ">=1.9.0"
  }
}
